Gender,AGE#,INCOME#,Attrition,Age,attrition#,Monthly Income
Female,36-45,3K-6K,Yes,41,1,5993
Male,46-55,3K-6K,No,49,0,5130
Male,36-45,1K-3K,Yes,37,1,2090
Female,26-35,1K-3K,No,33,0,2909
Male,26-35,3K-6K,No,27,0,3468
Male,26-35,3K-6K,No,32,0,3068
Female,56-60,1K-3K,No,59,0,2670
Male,26-35,1K-3K,No,30,0,2693
Male,36-45,6K-10K,No,38,0,9526
Male,36-45,3K-6K,No,36,0,5237
Male,26-35,1K-3K,No,35,0,2426
Female,26-35,3K-6K,No,29,0,4193
Male,26-35,1K-3K,No,31,0,2911
Male,26-35,1K-3K,No,34,0,2661
Male,26-35,1K-3K,Yes,28,1,2028
Female,26-35,6K-10K,No,29,0,9980
Male,26-35,3K-6K,No,32,0,3298
Male,18-25,1K-3K,No,22,0,2935
Female,46-55,10K-16K,No,53,0,15427
Male,36-45,3K-6K,No,38,0,3944
Female,18-25,3K-6K,No,24,0,4011
Male,36-45,3K-6K,Yes,36,1,3407
Female,26-35,10K-16K,No,34,0,11994
Male,18-25,1K-3K,No,21,0,1232
Male,26-35,1K-3K,Yes,34,1,2960
Female,46-55,16K-20K,No,53,0,19094
Female,26-35,3K-6K,Yes,32,1,3919
Male,36-45,6K-10K,No,42,0,6825
Female,36-45,10K-16K,No,44,0,10248
Female,46-55,16K-20K,No,46,0,18947
Male,26-35,1K-3K,No,33,0,2496
Male,36-45,6K-10K,No,44,0,6465
Male,26-35,1K-3K,No,30,0,2206
Male,36-45,1K-3K,Yes,39,1,2086
Male,18-25,1K-3K,Yes,24,1,2293
Female,36-45,1K-3K,No,43,0,2645
Male,46-55,1K-3K,Yes,50,1,2683
Female,26-35,1K-3K,No,35,0,2014
Female,36-45,3K-6K,No,36,0,3419
Female,26-35,3K-6K,No,33,0,5376
Male,26-35,1K-3K,No,35,0,1951
Female,26-35,1K-3K,No,27,0,2341
Male,26-35,1K-3K,Yes,26,1,2293
Male,26-35,6K-10K,No,27,0,8726
Female,26-35,3K-6K,No,30,0,4011
Female,36-45,16K-20K,Yes,41,1,19545
Male,26-35,3K-6K,No,34,0,4568
Male,36-45,3K-6K,No,37,0,3022
Male,46-55,3K-6K,No,46,0,5772
Male,26-35,1K-3K,No,35,0,2269
Male,46-55,3K-6K,Yes,48,1,5381
Male,26-35,3K-6K,Yes,28,1,3441
Female,36-45,3K-6K,No,44,0,5454
Male,26-35,6K-10K,No,35,0,9884
Female,26-35,3K-6K,No,26,0,4157
Female,26-35,10K-16K,No,33,0,13458
Male,26-35,6K-10K,No,35,0,9069
Female,26-35,3K-6K,No,35,0,4014
Male,26-35,3K-6K,No,31,0,5915
Male,36-45,3K-6K,No,37,0,5993
Male,26-35,6K-10K,No,32,0,6162
Female,36-45,1K-3K,No,38,0,2406
Female,46-55,16K-20K,No,50,0,18740
Female,56-60,6K-10K,No,59,0,7637
Female,36-45,10K-16K,No,36,0,10096
Female,46-55,10K-16K,No,55,0,14756
Male,36-45,6K-10K,No,36,0,6499
Male,36-45,6K-10K,No,45,0,9724
Male,26-35,1K-3K,No,35,0,2194
Male,36-45,3K-6K,Yes,36,1,3388
Female,56-60,3K-6K,No,59,0,5473
Male,26-35,1K-3K,No,29,0,2703
Male,26-35,1K-3K,No,31,0,2501
Male,26-35,6K-10K,No,32,0,6220
Female,36-45,3K-6K,No,36,0,3038
Female,26-35,3K-6K,No,31,0,4424
Male,26-35,3K-6K,No,35,0,4312
Male,36-45,10K-16K,No,45,0,13245
Male,36-45,10K-16K,No,37,0,13664
Male,46-55,3K-6K,No,46,0,5021
Male,26-35,3K-6K,No,30,0,5126
Male,26-35,1K-3K,No,35,0,2859
Male,46-55,10K-16K,No,55,0,10239
Female,36-45,3K-6K,No,38,0,5329
Male,26-35,3K-6K,No,34,0,4325
Male,56-60,6K-10K,No,56,0,7260
Male,18-25,1K-3K,No,23,0,2322
Male,46-55,1K-3K,No,51,0,2075
Male,26-35,3K-6K,No,30,0,4152
Male,46-55,6K-10K,Yes,46,1,9619
Male,36-45,10K-16K,No,40,0,13503
Male,46-55,3K-6K,No,51,0,5441
Female,26-35,3K-6K,No,30,0,5209
Male,46-55,10K-16K,No,46,0,10673
Male,26-35,3K-6K,No,32,0,5010
Female,46-55,10K-16K,No,54,0,13549
Female,18-25,3K-6K,No,24,0,4999
Male,26-35,3K-6K,No,28,0,4221
Male,56-60,10K-16K,No,58,0,13872
Male,36-45,1K-3K,No,44,0,2042
Male,36-45,1K-3K,Yes,37,1,2073
Male,26-35,1K-3K,No,32,0,2956
Female,18-25,1K-3K,Yes,20,1,2926
Female,26-35,3K-6K,No,34,0,4809
Male,36-45,3K-6K,No,37,0,5163
Female,56-60,16K-20K,No,59,0,18844
Female,46-55,16K-20K,No,50,0,18172
Male,18-25,3K-6K,Yes,25,1,5744
Male,18-25,1K-3K,No,25,0,2889
Female,18-25,1K-3K,No,22,0,2871
Female,46-55,6K-10K,No,51,0,7484
Male,26-35,6K-10K,Yes,34,1,6074
Female,46-55,16K-20K,No,54,0,17328
Male,18-25,1K-3K,No,24,0,2774
Female,26-35,3K-6K,No,34,0,4505
Male,36-45,6K-10K,No,37,0,7428
Female,26-35,10K-16K,No,34,0,11631
Female,36-45,6K-10K,No,36,0,9738
Female,36-45,1K-3K,No,36,0,2835
Male,36-45,16K-20K,No,43,0,16959
Male,26-35,1K-3K,No,30,0,2613
Male,26-35,6K-10K,No,33,0,6146
Female,56-60,3K-6K,Yes,56,1,4963
Male,46-55,16K-20K,No,51,0,19537
Male,26-35,6K-10K,Yes,31,1,6172
Female,26-35,1K-3K,No,26,0,2368
Female,56-60,10K-16K,Yes,58,1,10312
Male,18-25,1K-3K,Yes,19,1,1675
Male,18-25,1K-3K,No,22,0,2523
Female,46-55,6K-10K,No,49,0,6567
Female,36-45,3K-6K,No,43,0,4739
Female,46-55,6K-10K,No,50,0,9208
Female,26-35,3K-6K,Yes,31,1,4559
Male,36-45,6K-10K,No,41,0,8189
Female,26-35,1K-3K,No,26,0,2942
Male,36-45,3K-6K,No,36,0,4941
Male,46-55,10K-16K,Yes,51,1,10650
Female,36-45,3K-6K,No,39,0,5902
Male,18-25,6K-10K,No,25,0,8639
Male,26-35,6K-10K,No,30,0,6347
Female,26-35,3K-6K,Yes,32,1,4200
Male,36-45,3K-6K,No,45,0,3452
Female,36-45,3K-6K,No,38,0,4317
Female,26-35,1K-3K,No,30,0,2632
Male,26-35,3K-6K,No,32,0,4668
Female,26-35,3K-6K,No,30,0,3204
Male,26-35,1K-3K,No,30,0,2720
Male,36-45,16K-20K,No,41,0,17181
Male,36-45,1K-3K,No,41,0,2238
Female,18-25,1K-3K,No,19,0,1483
Female,36-45,3K-6K,No,40,0,5605
Male,26-35,6K-10K,No,35,0,7295
Male,46-55,1K-3K,No,53,0,2306
Male,36-45,1K-3K,No,45,0,2348
Female,26-35,6K-10K,No,32,0,8998
Male,26-35,3K-6K,No,29,0,4319
Male,46-55,6K-10K,No,51,0,6132
Female,56-60,3K-6K,No,58,0,3346
Male,36-45,10K-16K,No,40,0,10855
Female,26-35,1K-3K,No,34,0,2231
Male,18-25,1K-3K,No,22,0,2323
Male,26-35,1K-3K,No,27,0,2024
Male,26-35,1K-3K,No,28,0,2713
Male,56-60,6K-10K,No,57,0,9439
Male,26-35,1K-3K,No,27,0,2566
Female,46-55,16K-20K,No,50,0,19926
Male,36-45,1K-3K,No,41,0,2451
Female,26-35,6K-10K,No,30,0,9419
Female,36-45,6K-10K,No,38,0,8686
Male,26-35,3K-6K,No,32,0,3038
Male,26-35,3K-6K,No,27,0,3058
Female,18-25,1K-3K,Yes,19,1,2325
Male,36-45,1K-3K,No,36,0,2088
Male,26-35,3K-6K,No,30,0,3072
Female,36-45,3K-6K,No,45,0,5006
Female,56-60,3K-6K,No,56,0,4257
Male,26-35,1K-3K,No,33,0,2500
Male,18-25,1K-3K,Yes,19,1,1102
Female,46-55,10K-16K,No,46,0,10453
Female,36-45,1K-3K,No,38,0,2288
Female,26-35,3K-6K,No,31,0,3929
Female,26-35,1K-3K,No,34,0,2311
Female,36-45,3K-6K,Yes,41,1,3140
Male,46-55,3K-6K,No,50,0,3690
Female,46-55,3K-6K,No,53,0,4450
Female,26-35,1K-3K,No,33,0,2756
Female,36-45,16K-20K,No,40,0,19033
Male,46-55,16K-20K,No,55,0,18722
Male,26-35,6K-10K,No,34,0,9547
Female,46-55,10K-16K,No,51,0,13734
Male,46-55,16K-20K,No,52,0,19999
Female,26-35,1K-3K,No,27,0,2279
Male,26-35,3K-6K,Yes,35,1,5916
Male,36-45,1K-3K,No,43,0,2089
Male,36-45,16K-20K,No,45,0,16792
Male,36-45,3K-6K,No,37,0,3564
Female,26-35,3K-6K,No,35,0,4425
Female,36-45,3K-6K,No,42,0,5265
Male,36-45,6K-10K,No,38,0,6553
Male,36-45,6K-10K,No,38,0,6261
Male,26-35,3K-6K,No,27,0,4298
Male,46-55,6K-10K,No,49,0,6804
Male,26-35,3K-6K,No,34,0,3815
Male,36-45,1K-3K,No,40,0,2741
Male,36-45,6K-10K,Yes,38,1,6673
Female,26-35,6K-10K,Yes,29,1,7639
Male,18-25,1K-3K,No,22,0,2328
Female,36-45,1K-3K,No,36,0,2153
Male,36-45,3K-6K,No,40,0,4876
Male,46-55,6K-10K,No,46,0,9396
Male,26-35,10K-16K,Yes,32,1,10400
Male,26-35,6K-10K,No,30,0,8474
Female,26-35,6K-10K,No,27,0,9981
Male,46-55,10K-16K,No,51,0,12490
Female,26-35,1K-3K,Yes,30,1,2657
Female,36-45,10K-16K,No,41,0,13591
Female,26-35,6K-10K,Yes,30,1,6696
Male,26-35,1K-3K,Yes,29,1,2058
Female,36-45,6K-10K,No,45,0,8865
Female,46-55,3K-6K,No,54,0,5940
Male,36-45,3K-6K,No,36,0,5914
Female,26-35,1K-3K,No,33,0,2622
Male,36-45,10K-16K,No,37,0,12185
Male,36-45,10K-16K,No,38,0,10609
Male,26-35,3K-6K,No,31,0,4345
Male,56-60,1K-3K,No,59,0,2177
Male,36-45,1K-3K,No,37,0,2793
Female,26-35,6K-10K,No,29,0,7918
Female,26-35,6K-10K,No,35,0,8789
Male,26-35,1K-3K,Yes,29,1,2389
Female,46-55,3K-6K,No,52,0,3212
Male,36-45,16K-20K,No,42,0,19232
Male,56-60,1K-3K,No,59,0,2267
Female,46-55,16K-20K,No,50,0,19517
Male,26-35,1K-3K,Yes,33,1,2436
Female,36-45,16K-20K,No,43,0,16064
Female,26-35,1K-3K,Yes,33,1,2707
Male,46-55,16K-20K,No,52,0,19068
Female,26-35,3K-6K,No,32,0,3931
Male,26-35,3K-6K,Yes,32,1,3730
Female,36-45,1K-3K,No,39,0,2232
Male,26-35,3K-6K,No,32,0,4465
Male,36-45,3K-6K,No,41,0,3072
Male,36-45,3K-6K,No,40,0,3319
Male,36-45,16K-20K,No,45,0,19202
Male,26-35,10K-16K,No,31,0,13675
Female,26-35,1K-3K,No,33,0,2911
Male,26-35,3K-6K,No,34,0,5957
Female,36-45,3K-6K,No,37,0,3920
Male,36-45,6K-10K,No,45,0,6434
Male,36-45,10K-16K,Yes,37,1,10048
Female,36-45,10K-16K,No,39,0,10938
Male,26-35,1K-3K,No,29,0,2340
Female,36-45,6K-10K,No,42,0,6545
Male,26-35,6K-10K,No,29,0,6931
Female,18-25,3K-6K,No,25,0,4898
Female,36-45,1K-3K,No,42,0,2593
Male,36-45,16K-20K,No,40,0,19436
Male,46-55,1K-3K,No,51,0,2723
Male,26-35,3K-6K,Yes,31,1,3479
Male,26-35,1K-3K,No,32,0,2794
Male,36-45,3K-6K,No,38,0,5249
Male,26-35,1K-3K,No,32,0,2176
Female,46-55,16K-20K,No,46,0,16872
Male,26-35,3K-6K,Yes,28,1,3485
Male,26-35,6K-10K,No,29,0,6644
Male,26-35,3K-6K,No,31,0,5582
Male,18-25,3K-6K,No,25,0,4000
Male,36-45,10K-16K,No,45,0,13496
Male,36-45,3K-6K,No,36,0,3210
Male,46-55,16K-20K,No,55,0,19045
Male,46-55,10K-16K,Yes,47,1,11849
Male,26-35,1K-3K,No,28,0,2070
Male,36-45,6K-10K,No,37,0,6502
Male,18-25,3K-6K,No,21,0,3230
Female,36-45,10K-16K,No,37,0,13603
Female,26-35,10K-16K,No,35,0,11996
Female,36-45,3K-6K,No,38,0,5605
Female,26-35,6K-10K,No,26,0,6397
Male,46-55,16K-20K,No,50,0,19144
Male,46-55,16K-20K,No,53,0,17584
Male,36-45,3K-6K,No,42,0,4907
Male,26-35,3K-6K,No,29,0,4554
Male,46-55,3K-6K,No,55,0,5415
Male,26-35,3K-6K,No,26,0,4741
Female,36-45,1K-3K,No,37,0,2115
Male,36-45,3K-6K,Yes,44,1,3161
Male,36-45,3K-6K,No,38,0,5745
Male,26-35,1K-3K,Yes,26,1,2373
Female,26-35,3K-6K,No,28,0,3310
Female,46-55,16K-20K,No,49,0,18665
Male,36-45,3K-6K,No,36,0,4485
Female,26-35,1K-3K,No,31,0,2789
Male,26-35,3K-6K,Yes,26,1,5828
Male,36-45,1K-3K,No,37,0,2326
Female,36-45,10K-16K,No,42,0,13525
Male,18-25,1K-3K,Yes,18,1,1420
Male,26-35,6K-10K,No,35,0,8020
Male,36-45,3K-6K,No,36,0,3688
Male,46-55,3K-6K,No,51,0,5482
Male,36-45,16K-20K,No,41,0,16015
Female,18-25,1K-3K,No,18,0,1200
Male,26-35,3K-6K,No,28,0,5661
Male,26-35,6K-10K,No,31,0,6929
Male,36-45,6K-10K,No,39,0,9613
Female,36-45,3K-6K,No,36,0,5674
Male,26-35,3K-6K,No,32,0,5484
Female,36-45,10K-16K,No,38,0,12061
Male,56-60,3K-6K,No,58,0,5660
Male,26-35,3K-6K,No,31,0,4821
Male,26-35,6K-10K,No,31,0,6410
Male,36-45,3K-6K,No,45,0,5210
Male,26-35,1K-3K,No,31,0,2695
Female,26-35,10K-16K,No,33,0,11878
Male,36-45,16K-20K,No,39,0,17068
Female,36-45,1K-3K,No,43,0,2455
Female,46-55,10K-16K,No,49,0,13964
Male,46-55,3K-6K,Yes,52,1,4941
Female,26-35,1K-3K,No,27,0,2478
Female,26-35,3K-6K,No,32,0,5228
Male,26-35,3K-6K,No,27,0,4478
Male,26-35,6K-10K,No,31,0,7547
Female,26-35,3K-6K,No,32,0,5055
Male,26-35,3K-6K,Yes,28,1,3464
Female,26-35,3K-6K,No,30,0,5775
Female,26-35,6K-10K,No,31,0,8943
Male,36-45,16K-20K,No,39,0,19272
Female,36-45,3K-6K,Yes,39,1,5238
Male,26-35,3K-6K,No,33,0,4682
Male,46-55,16K-20K,No,47,0,18300
Female,36-45,3K-6K,No,43,0,5257
Male,26-35,6K-10K,No,27,0,6349
Female,46-55,3K-6K,No,54,0,4869
Female,36-45,6K-10K,No,43,0,9985
Male,36-45,3K-6K,No,45,0,3697
Male,36-45,6K-10K,No,40,0,7457
Male,26-35,1K-3K,Yes,29,1,2119
Male,26-35,3K-6K,No,29,0,3983
Female,26-35,6K-10K,No,30,0,6118
Female,26-35,6K-10K,No,27,0,6214
Male,36-45,6K-10K,No,37,0,6347
Male,36-45,10K-16K,No,38,0,11510
Female,26-35,6K-10K,No,31,0,7143
Female,26-35,6K-10K,No,29,0,8268
Male,26-35,6K-10K,No,35,0,8095
Male,18-25,1K-3K,No,23,0,2904
Male,36-45,6K-10K,No,41,0,6032
Male,46-55,1K-3K,No,47,0,2976
Female,36-45,10K-16K,No,42,0,15992
Male,26-35,3K-6K,No,29,0,4649
Male,36-45,1K-3K,No,42,0,2696
Female,26-35,1K-3K,No,32,0,2370
Female,46-55,10K-16K,No,48,0,12504
Male,36-45,3K-6K,No,37,0,5974
Female,26-35,3K-6K,No,30,0,4736
Male,26-35,3K-6K,No,26,0,5296
Male,36-45,6K-10K,No,42,0,6781
Female,18-25,1K-3K,Yes,21,1,2174
Female,36-45,6K-10K,No,36,0,6653
Male,36-45,6K-10K,No,36,0,9699
Male,56-60,6K-10K,No,57,0,6755
Female,36-45,1K-3K,No,40,0,2213
Male,18-25,1K-3K,No,21,0,2610
Female,26-35,1K-3K,Yes,33,1,2851
Female,36-45,3K-6K,No,37,0,3452
Female,46-55,3K-6K,No,46,0,5258
Male,36-45,6K-10K,Yes,41,1,9355
Male,46-55,10K-16K,No,50,0,10496
Male,36-45,6K-10K,Yes,40,1,6380
Male,26-35,1K-3K,No,31,0,2657
Female,18-25,1K-3K,Yes,21,1,2716
Male,26-35,1K-3K,No,29,0,2201
Male,26-35,6K-10K,No,35,0,6540
Male,26-35,3K-6K,No,27,0,3816
Male,26-35,3K-6K,No,28,0,5253
Male,46-55,10K-16K,No,49,0,10965
Female,46-55,3K-6K,No,51,0,4936
Female,36-45,1K-3K,No,36,0,2543
Male,26-35,3K-6K,Yes,34,1,5304
Female,46-55,16K-20K,No,55,0,16659
Female,18-25,3K-6K,No,24,0,4260
Male,26-35,1K-3K,No,30,0,2476
Male,26-35,3K-6K,Yes,26,1,3102
Female,18-25,1K-3K,No,22,0,2244
Male,36-45,6K-10K,No,36,0,7596
Male,26-35,1K-3K,Yes,30,1,2285
Female,36-45,3K-6K,No,37,0,3034
Female,36-45,3K-6K,No,40,0,5715
Female,36-45,1K-3K,No,42,0,2576
Male,36-45,3K-6K,No,37,0,4197
Male,36-45,10K-16K,No,43,0,14336
Female,36-45,3K-6K,No,40,0,3448
Male,46-55,16K-20K,No,54,0,19406
Female,26-35,6K-10K,No,34,0,6538
Female,26-35,3K-6K,No,31,0,4306
Male,36-45,1K-3K,No,43,0,2258
Female,36-45,3K-6K,No,43,0,4522
Female,18-25,3K-6K,No,25,0,4487
Female,36-45,3K-6K,No,37,0,4449
Male,26-35,1K-3K,No,31,0,2218
Male,36-45,16K-20K,No,39,0,19197
Female,56-60,10K-16K,No,56,0,13212
Female,26-35,6K-10K,No,30,0,6577
Male,36-45,6K-10K,No,41,0,8392
Male,26-35,3K-6K,No,28,0,4558
Male,18-25,3K-6K,Yes,25,1,4031
Male,46-55,6K-10K,No,52,0,7969
Male,36-45,1K-3K,No,45,0,2654
Female,46-55,16K-20K,No,52,0,16555
Female,36-45,3K-6K,No,42,0,4556
Female,26-35,6K-10K,No,30,0,6091
Female,56-60,16K-20K,No,60,0,19566
Female,46-55,3K-6K,No,46,0,4810
Female,36-45,3K-6K,No,42,0,4523
Female,18-25,3K-6K,Yes,24,1,3202
Female,26-35,1K-3K,Yes,34,1,2351
Male,36-45,1K-3K,No,38,0,1702
Female,36-45,16K-20K,No,40,0,18041
Female,26-35,1K-3K,No,26,0,2886
Male,26-35,1K-3K,No,30,0,2097
Male,26-35,10K-16K,No,29,0,11935
Female,26-35,1K-3K,Yes,29,1,2546
Male,18-25,1K-3K,Yes,19,1,2564
Female,26-35,6K-10K,No,30,0,8412
Male,56-60,10K-16K,No,57,0,14118
Male,46-55,16K-20K,No,50,0,17046
Female,26-35,1K-3K,No,30,0,2564
Female,56-60,10K-16K,No,60,0,10266
Female,46-55,3K-6K,No,47,0,5070
Male,46-55,16K-20K,No,46,0,17861
Male,26-35,3K-6K,No,35,0,4230
Female,46-55,3K-6K,No,54,0,3780
Male,26-35,1K-3K,No,34,0,2768
Female,46-55,6K-10K,No,46,0,9071
Male,26-35,10K-16K,No,31,0,10648
Male,26-35,10K-16K,Yes,33,1,13610
Male,26-35,3K-6K,Yes,33,1,3408
Male,26-35,1K-3K,No,30,0,2983
Male,26-35,6K-10K,No,35,0,7632
Male,26-35,6K-10K,Yes,31,1,9824
Female,26-35,6K-10K,Yes,34,1,9950
Male,36-45,1K-3K,No,42,0,2093
Male,36-45,6K-10K,No,36,0,9980
Male,18-25,3K-6K,Yes,22,1,3894
Female,46-55,3K-6K,No,48,0,4051
Female,46-55,16K-20K,No,55,0,16835
Male,36-45,6K-10K,No,41,0,6230
Male,26-35,3K-6K,No,35,0,4717
Female,36-45,10K-16K,No,40,0,13237
Female,36-45,3K-6K,No,39,0,3755
Male,26-35,6K-10K,No,31,0,6582
Male,36-45,6K-10K,No,42,0,7406
Male,36-45,3K-6K,No,45,0,4805
Female,26-35,1K-3K,Yes,26,1,2741
Male,26-35,3K-6K,No,29,0,4262
Female,26-35,16K-20K,No,33,0,16184
Male,26-35,10K-16K,No,31,0,11557
Male,18-25,1K-3K,Yes,18,1,1878
Male,36-45,10K-16K,No,40,0,10932
Female,36-45,6K-10K,No,41,0,6811
Male,26-35,3K-6K,No,26,0,4306
Female,26-35,3K-6K,No,35,0,4859
Male,26-35,3K-6K,No,34,0,5337
Male,26-35,1K-3K,Yes,26,1,2340
Female,36-45,6K-10K,No,37,0,7491
Female,46-55,10K-16K,No,46,0,10527
Female,36-45,16K-20K,No,41,0,16595
Male,36-45,6K-10K,No,37,0,8834
Male,46-55,3K-6K,No,52,0,5577
Male,26-35,3K-6K,Yes,32,1,4707
Male,18-25,1K-3K,No,24,0,2400
Female,36-45,6K-10K,No,38,0,9824
Female,36-45,6K-10K,No,37,0,6447
Male,46-55,16K-20K,No,49,0,19502
Male,18-25,1K-3K,No,24,0,2725
Male,26-35,6K-10K,No,26,0,6272
Male,18-25,1K-3K,No,24,0,2127
Male,46-55,16K-20K,No,50,0,18200
Male,18-25,1K-3K,No,25,0,2096
Female,18-25,1K-3K,Yes,24,1,2886
Male,26-35,1K-3K,Yes,30,1,2033
Male,26-35,3K-6K,No,34,0,3622
Male,26-35,3K-6K,Yes,31,1,4233
Male,26-35,3K-6K,No,35,0,3681
Male,26-35,3K-6K,No,31,0,5460
Female,26-35,1K-3K,No,27,0,2187
Male,36-45,6K-10K,No,37,0,9602
Female,18-25,1K-3K,No,20,0,2836
Female,36-45,3K-6K,No,42,0,4089
Male,36-45,16K-20K,No,43,0,16627
Female,36-45,1K-3K,No,38,0,2619
Male,36-45,3K-6K,No,43,0,5679
Female,46-55,10K-16K,No,48,0,15402
Female,36-45,3K-6K,No,44,0,5985
Female,26-35,1K-3K,No,34,0,2579
Male,26-35,3K-6K,Yes,27,1,3041
Male,18-25,3K-6K,No,21,0,3447
Male,36-45,16K-20K,No,44,0,19513
Male,18-25,1K-3K,No,22,0,2773
Male,26-35,6K-10K,No,33,0,7104
Female,26-35,6K-10K,No,32,0,6322
Female,26-35,1K-3K,No,30,0,2083
Female,46-55,6K-10K,No,53,0,8381
Male,26-35,1K-3K,No,34,0,2691
Female,36-45,3K-6K,Yes,45,1,4286
Female,26-35,1K-3K,No,26,0,2659
Male,36-45,6K-10K,No,37,0,9434
Female,26-35,3K-6K,No,29,0,5561
Male,26-35,6K-10K,No,35,0,6646
Male,26-35,6K-10K,No,33,0,7725
Male,46-55,10K-16K,No,54,0,10725
Male,36-45,6K-10K,No,36,0,8847
Male,26-35,1K-3K,No,27,0,2045
Male,18-25,1K-3K,Yes,20,1,1009
Male,26-35,3K-6K,Yes,33,1,3348
Male,26-35,1K-3K,No,35,0,1281
Male,18-25,1K-3K,No,23,0,2819
Male,18-25,3K-6K,No,25,0,4851
Female,36-45,3K-6K,No,38,0,4028
Male,26-35,1K-3K,No,29,0,2720
Male,46-55,6K-10K,No,48,0,8120
Female,26-35,3K-6K,No,27,0,4647
Male,36-45,3K-6K,No,37,0,4680
Male,46-55,3K-6K,No,50,0,3221
Female,26-35,6K-10K,No,34,0,8621
Female,18-25,3K-6K,Yes,24,1,4577
Female,36-45,3K-6K,No,39,0,4553
Male,26-35,3K-6K,No,32,0,5396
Male,46-55,6K-10K,Yes,50,1,6796
Female,36-45,6K-10K,No,38,0,7625
Female,26-35,6K-10K,No,27,0,7412
Female,26-35,10K-16K,No,32,0,11159
Male,46-55,3K-6K,No,47,0,4960
Male,36-45,10K-16K,No,40,0,10475
Male,46-55,10K-16K,No,53,0,14814
Male,36-45,16K-20K,No,41,0,19141
Male,56-60,3K-6K,No,60,0,5405
Male,26-35,6K-10K,No,27,0,8793
Male,36-45,16K-20K,No,41,0,19189
Male,46-55,3K-6K,No,50,0,3875
Female,26-35,1K-3K,Yes,28,1,2216
Female,36-45,10K-16K,No,36,0,11713
Female,36-45,6K-10K,No,38,0,7861
Male,36-45,3K-6K,No,44,0,3708
Female,46-55,10K-16K,No,47,0,13770
Male,26-35,3K-6K,No,30,0,5304
Male,26-35,1K-3K,No,29,0,2642
Male,36-45,1K-3K,Yes,42,1,2759
Male,36-45,6K-10K,No,43,0,6804
Female,26-35,6K-10K,No,34,0,6142
Male,18-25,1K-3K,No,23,0,2500
Female,36-45,6K-10K,No,39,0,6389
Male,56-60,10K-16K,No,56,0,11103
Female,36-45,1K-3K,No,40,0,2342
Female,26-35,6K-10K,No,27,0,6811
Male,26-35,1K-3K,No,29,0,2297
Male,46-55,1K-3K,No,53,0,2450
Female,26-35,3K-6K,No,35,0,5093
Male,26-35,3K-6K,No,32,0,5309
Male,36-45,3K-6K,No,38,0,3057
Female,26-35,3K-6K,No,34,0,5121
Male,46-55,16K-20K,No,52,0,16856
Male,26-35,1K-3K,Yes,33,1,2686
Female,18-25,6K-10K,No,25,0,6180
Male,36-45,6K-10K,No,45,0,6632
Male,18-25,3K-6K,No,23,0,3505
Female,46-55,6K-10K,Yes,47,1,6397
Male,26-35,6K-10K,No,34,0,6274
Male,46-55,16K-20K,Yes,55,1,19859
Male,36-45,6K-10K,No,36,0,7587
Male,46-55,3K-6K,No,52,0,4258
Female,26-35,3K-6K,No,26,0,4364
Female,26-35,3K-6K,No,29,0,4335
Male,26-35,3K-6K,Yes,26,1,5326
Female,26-35,3K-6K,No,34,0,3280
Female,46-55,3K-6K,No,54,0,5485
Male,26-35,3K-6K,No,27,0,4342
Female,36-45,1K-3K,No,37,0,2782
Female,36-45,3K-6K,No,38,0,5980
Female,26-35,3K-6K,No,34,0,4381
Female,26-35,1K-3K,No,35,0,2572
Male,26-35,3K-6K,No,30,0,3833
Female,36-45,3K-6K,No,40,0,4244
Female,26-35,6K-10K,No,34,0,6500
Male,36-45,16K-20K,No,42,0,18430
Male,18-25,1K-3K,Yes,23,1,1601
Male,18-25,1K-3K,No,24,0,2694
Female,46-55,3K-6K,No,52,0,3149
Male,46-55,16K-20K,No,50,0,17639
Female,26-35,1K-3K,Yes,29,1,2319
Male,26-35,10K-16K,No,33,0,11691
Female,26-35,3K-6K,Yes,33,1,5324
Female,46-55,16K-20K,No,47,0,16752
Female,36-45,3K-6K,No,36,0,5228
Male,26-35,1K-3K,No,29,0,2700
Male,56-60,16K-20K,Yes,58,1,19246
Female,26-35,1K-3K,No,35,0,2506
Female,36-45,6K-10K,No,42,0,6062
Male,26-35,3K-6K,Yes,28,1,4382
Male,36-45,1K-3K,No,36,0,2143
Female,26-35,6K-10K,No,32,0,6162
Male,36-45,3K-6K,No,40,0,5094
Female,26-35,6K-10K,No,30,0,6877
Female,36-45,1K-3K,No,45,0,2274
Male,36-45,3K-6K,No,42,0,4434
Male,36-45,6K-10K,No,38,0,6288
Female,26-35,1K-3K,No,34,0,2553
Female,46-55,6K-10K,Yes,49,1,7654
Male,46-55,3K-6K,Yes,55,1,5160
Male,36-45,16K-20K,No,43,0,17159
Male,26-35,10K-16K,No,27,0,12808
Male,26-35,10K-16K,No,35,0,10221
Female,26-35,3K-6K,No,28,0,4779
Male,26-35,3K-6K,No,34,0,3737
Female,26-35,1K-3K,Yes,26,1,2366
Male,26-35,1K-3K,No,27,0,1706
Female,46-55,16K-20K,No,51,0,16307
Male,36-45,3K-6K,No,44,0,5933
Male,18-25,3K-6K,No,25,0,3424
Male,26-35,3K-6K,No,33,0,4037
Female,26-35,1K-3K,No,35,0,2559
Male,36-45,6K-10K,No,36,0,6201
Male,26-35,3K-6K,No,32,0,4403
Male,26-35,3K-6K,No,30,0,3761
Female,46-55,10K-16K,No,53,0,10934
Male,36-45,10K-16K,No,45,0,10761
Female,26-35,3K-6K,No,32,0,5175
Female,46-55,10K-16K,No,52,0,13826
Male,36-45,6K-10K,No,37,0,6334
Male,26-35,3K-6K,No,28,0,4936
Male,18-25,3K-6K,No,22,0,4775
Male,36-45,1K-3K,No,44,0,2818
Male,36-45,1K-3K,No,42,0,2515
Male,36-45,1K-3K,No,36,0,2342
Male,18-25,3K-6K,No,25,0,4194
Female,26-35,10K-16K,No,35,0,10685
Female,26-35,1K-3K,Yes,35,1,2022
Male,26-35,1K-3K,No,32,0,2314
Male,18-25,3K-6K,No,25,0,4256
Female,46-55,3K-6K,No,49,0,3580
Male,18-25,3K-6K,No,24,0,3162
Male,26-35,6K-10K,No,32,0,6524
Male,36-45,1K-3K,No,38,0,2899
Female,36-45,3K-6K,No,42,0,5231
Male,26-35,1K-3K,No,31,0,2356
Female,26-35,1K-3K,Yes,29,1,2800
Male,46-55,10K-16K,No,53,0,11836
Male,26-35,10K-16K,No,35,0,10903
Female,36-45,1K-3K,No,37,0,2973
Female,46-55,10K-16K,No,53,0,14275
Female,36-45,3K-6K,No,43,0,5562
Female,46-55,3K-6K,No,47,0,4537
Male,36-45,6K-10K,No,37,0,7642
Male,46-55,16K-20K,No,50,0,17924
Female,36-45,3K-6K,No,39,0,5204
Male,26-35,1K-3K,No,33,0,2277
Male,26-35,1K-3K,Yes,32,1,2795
Female,26-35,1K-3K,No,29,0,2532
Male,36-45,1K-3K,No,44,0,2559
Male,26-35,3K-6K,No,28,0,4908
Male,56-60,1K-3K,Yes,58,1,2380
Female,36-45,3K-6K,No,43,0,4765
Female,18-25,1K-3K,Yes,20,1,2044
Female,18-25,1K-3K,Yes,21,1,2693
Male,36-45,6K-10K,No,36,0,6586
Female,46-55,3K-6K,No,47,0,3294
Female,18-25,3K-6K,Yes,22,1,4171
Female,36-45,1K-3K,Yes,41,1,2778
Female,26-35,1K-3K,No,28,0,2377
Male,36-45,1K-3K,Yes,39,1,2404
Female,26-35,1K-3K,No,27,0,2318
Male,26-35,1K-3K,No,34,0,2008
Female,36-45,6K-10K,No,42,0,6244
Male,26-35,1K-3K,No,33,0,2799
Female,56-60,10K-16K,No,58,0,10552
Male,26-35,1K-3K,No,31,0,2329
Female,26-35,3K-6K,No,35,0,4014
Female,46-55,6K-10K,No,49,0,7403
Male,46-55,1K-3K,No,48,0,2259
Female,26-35,6K-10K,No,31,0,6932
Male,36-45,3K-6K,No,36,0,4678
Female,36-45,10K-16K,No,38,0,13582
Female,26-35,1K-3K,No,32,0,2332
Male,18-25,1K-3K,Yes,25,1,2413
Male,36-45,6K-10K,No,40,0,9705
Male,26-35,3K-6K,No,26,0,4294
Male,36-45,3K-6K,No,41,0,4721
Male,36-45,1K-3K,No,36,0,2519
Male,18-25,1K-3K,Yes,19,1,2121
Male,18-25,1K-3K,Yes,20,1,2973
Female,26-35,3K-6K,No,31,0,5855
Male,36-45,3K-6K,No,40,0,3617
Female,26-35,6K-10K,No,32,0,6725
Male,36-45,10K-16K,Yes,36,1,10325
Female,26-35,6K-10K,No,33,0,6949
Male,36-45,10K-16K,Yes,37,1,10609
Male,36-45,3K-6K,No,45,0,4447
Female,26-35,1K-3K,No,29,0,2157
Female,26-35,3K-6K,No,35,0,4601
Male,46-55,16K-20K,No,52,0,17099
Male,56-60,1K-3K,Yes,58,1,2479
Male,46-55,10K-16K,No,53,0,14852
Male,26-35,6K-10K,No,30,0,7264
Female,36-45,3K-6K,No,38,0,5666
Male,26-35,6K-10K,No,35,0,7823
Male,36-45,6K-10K,No,39,0,7880
Female,36-45,10K-16K,Yes,40,1,13194
Male,46-55,3K-6K,No,47,0,5067
Male,36-45,3K-6K,No,36,0,5079
Male,26-35,1K-3K,Yes,31,1,2321
Male,26-35,16K-20K,No,33,0,17444
Female,26-35,1K-3K,Yes,29,1,2404
Female,26-35,3K-6K,No,33,0,3452
Female,36-45,1K-3K,No,45,0,2270
Male,46-55,16K-20K,No,50,0,17399
Female,26-35,3K-6K,No,33,0,5488
Male,36-45,16K-20K,No,41,0,19419
Female,26-35,1K-3K,No,27,0,2811
Male,36-45,3K-6K,No,45,0,3633
Female,46-55,3K-6K,No,47,0,4163
Female,26-35,1K-3K,Yes,30,1,2132
Male,46-55,10K-16K,No,50,0,13973
Male,36-45,1K-3K,No,38,0,2684
Male,46-55,10K-16K,No,46,0,10845
Female,18-25,3K-6K,No,24,0,4377
Male,26-35,3K-6K,Yes,35,1,3743
Female,26-35,3K-6K,No,31,0,4148
Male,18-25,1K-3K,No,18,0,1051
Female,46-55,10K-16K,No,54,0,10739
Female,26-35,10K-16K,No,35,0,10388
Female,26-35,10K-16K,No,30,0,11416
Female,18-25,1K-3K,Yes,20,1,2600
Female,26-35,1K-3K,Yes,30,1,2422
Male,26-35,3K-6K,No,26,0,5472
Male,18-25,1K-3K,No,22,0,2451
Male,46-55,3K-6K,No,48,0,4240
Male,46-55,10K-16K,No,48,0,10999
Female,36-45,3K-6K,No,41,0,5003
Female,36-45,10K-16K,No,39,0,12742
Female,26-35,3K-6K,No,27,0,4227
Male,26-35,3K-6K,No,35,0,3917
Male,36-45,16K-20K,No,42,0,18303
Male,46-55,1K-3K,No,50,0,2380
Female,56-60,10K-16K,No,59,0,13726
Female,36-45,3K-6K,Yes,37,1,4777
Male,46-55,6K-10K,No,55,0,6385
Female,36-45,16K-20K,No,41,0,19973
Male,36-45,6K-10K,No,38,0,6861
Male,26-35,3K-6K,Yes,26,1,4969
Female,46-55,16K-20K,Yes,52,1,19845
Female,36-45,10K-16K,No,44,0,13320
Female,46-55,6K-10K,No,50,0,6347
Female,36-45,1K-3K,Yes,36,1,2743
Female,36-45,10K-16K,No,39,0,10880
Female,26-35,1K-3K,No,33,0,2342
Female,36-45,16K-20K,No,45,0,17650
Female,26-35,3K-6K,No,32,0,4025
Male,26-35,6K-10K,No,34,0,9725
Male,56-60,10K-16K,No,59,0,11904
Male,36-45,1K-3K,No,45,0,2177
Female,46-55,6K-10K,No,53,0,7525
Male,36-45,3K-6K,Yes,36,1,4834
Male,26-35,1K-3K,Yes,26,1,2042
Female,26-35,1K-3K,No,34,0,2220
Male,26-35,1K-3K,No,28,0,1052
Male,36-45,1K-3K,No,38,0,2821
Male,46-55,16K-20K,No,50,0,19237
Female,36-45,3K-6K,No,37,0,4107
Male,36-45,6K-10K,No,40,0,8396
Female,26-35,1K-3K,No,26,0,2007
Male,46-55,16K-20K,No,46,0,19627
Female,46-55,10K-16K,No,54,0,10686
Female,56-60,1K-3K,No,56,0,2942
Female,36-45,6K-10K,No,36,0,8858
Male,46-55,16K-20K,No,55,0,16756
Male,36-45,10K-16K,No,43,0,10798
Female,18-25,1K-3K,Yes,20,1,2323
Female,18-25,1K-3K,Yes,21,1,1416
Female,46-55,3K-6K,No,46,0,4615
Male,46-55,1K-3K,Yes,51,1,2461
Male,26-35,6K-10K,Yes,28,1,8722
Male,26-35,3K-6K,No,26,0,3955
Male,26-35,6K-10K,No,30,0,9957
Female,36-45,3K-6K,No,41,0,3376
Female,36-45,6K-10K,No,38,0,8823
Male,36-45,10K-16K,No,40,0,10322
Male,26-35,3K-6K,No,27,0,4621
Male,46-55,10K-16K,No,55,0,10976
Female,26-35,3K-6K,No,28,0,3660
Male,36-45,10K-16K,Yes,44,1,10482
Male,26-35,6K-10K,No,33,0,7119
Male,26-35,6K-10K,Yes,35,1,9582
Female,26-35,3K-6K,Yes,33,1,4508
Male,26-35,1K-3K,No,28,0,2207
Male,26-35,6K-10K,No,34,0,7756
Female,36-45,6K-10K,No,37,0,6694
Male,18-25,3K-6K,Yes,25,1,3691
Male,26-35,1K-3K,Yes,26,1,2377
Male,26-35,1K-3K,Yes,33,1,2313
Male,36-45,16K-20K,No,42,0,17665
Male,26-35,1K-3K,Yes,28,1,2596
Male,46-55,3K-6K,Yes,50,1,4728
Female,26-35,3K-6K,No,33,0,4302
Male,26-35,1K-3K,No,34,0,2979
Male,46-55,16K-20K,No,48,0,16885
Female,36-45,3K-6K,No,45,0,5593
Male,46-55,10K-16K,No,52,0,10445
Male,36-45,6K-10K,No,38,0,8740
Female,26-35,1K-3K,No,29,0,2514
Female,26-35,6K-10K,No,28,0,7655
Male,46-55,16K-20K,No,46,0,17465
Male,36-45,6K-10K,No,38,0,7351
Female,36-45,10K-16K,No,43,0,10820
Male,36-45,10K-16K,Yes,39,1,12169
Male,36-45,16K-20K,No,40,0,19626
Female,18-25,1K-3K,No,21,0,2070
Male,36-45,6K-10K,No,39,0,6782
Male,36-45,6K-10K,No,36,0,7779
Male,26-35,1K-3K,No,31,0,2791
Male,26-35,3K-6K,No,28,0,3201
Male,26-35,3K-6K,No,35,0,4968
Male,46-55,10K-16K,No,49,0,13120
Male,26-35,3K-6K,No,34,0,4033
Female,26-35,3K-6K,No,29,0,3291
Male,36-45,3K-6K,No,42,0,4272
Male,26-35,3K-6K,No,29,0,5056
Male,36-45,1K-3K,No,38,0,2844
Male,26-35,1K-3K,No,28,0,2703
Male,18-25,1K-3K,Yes,18,1,1904
Female,26-35,6K-10K,Yes,33,1,8224
Male,36-45,3K-6K,No,41,0,4766
Male,26-35,1K-3K,Yes,31,1,2610
Female,36-45,3K-6K,No,37,0,5731
Male,26-35,1K-3K,No,27,0,2539
Female,26-35,3K-6K,No,34,0,5714
Male,26-35,3K-6K,No,35,0,4323
Female,26-35,6K-10K,Yes,29,1,7336
Female,36-45,10K-16K,No,40,0,13499
Male,36-45,10K-16K,Yes,42,1,13758
Male,36-45,3K-6K,No,42,0,5155
Male,26-35,1K-3K,No,35,0,2258
Male,18-25,3K-6K,No,24,0,3597
Female,26-35,1K-3K,Yes,28,1,2515
Male,26-35,3K-6K,No,26,0,4420
Male,26-35,6K-10K,No,30,0,6578
Female,36-45,3K-6K,No,40,0,4422
Male,26-35,10K-16K,No,35,0,10274
Male,26-35,3K-6K,No,34,0,5343
Male,26-35,1K-3K,No,35,0,2376
Female,36-45,3K-6K,Yes,43,1,5346
Female,26-35,1K-3K,No,32,0,2827
Female,56-60,16K-20K,No,56,0,19943
Female,26-35,3K-6K,No,29,0,3131
Male,18-25,1K-3K,No,19,0,2552
Female,36-45,3K-6K,No,45,0,4477
Female,36-45,6K-10K,No,37,0,6474
Male,18-25,3K-6K,No,20,0,3033
Male,36-45,1K-3K,Yes,44,1,2936
Female,46-55,16K-20K,No,53,0,18606
Female,26-35,1K-3K,No,29,0,2168
Male,18-25,1K-3K,Yes,22,1,2853
Female,46-55,16K-20K,No,46,0,17048
Male,36-45,1K-3K,No,44,0,2290
Male,26-35,3K-6K,No,33,0,3600
Male,36-45,1K-3K,Yes,41,1,2107
Male,26-35,3K-6K,No,30,0,4115
Male,36-45,3K-6K,No,40,0,4327
Female,46-55,16K-20K,No,50,0,17856
Male,26-35,3K-6K,No,28,0,3196
Male,46-55,16K-20K,No,46,0,19081
Male,26-35,6K-10K,No,35,0,8966
Female,18-25,1K-3K,Yes,24,1,2210
Female,26-35,3K-6K,No,33,0,4539
Male,36-45,1K-3K,No,36,0,2741
Male,26-35,3K-6K,No,30,0,3491
Male,36-45,3K-6K,No,44,0,4541
Male,18-25,1K-3K,No,20,0,2678
Male,46-55,6K-10K,No,46,0,7379
Male,36-45,6K-10K,No,42,0,6272
Male,56-60,3K-6K,No,60,0,5220
Female,26-35,1K-3K,No,32,0,2743
Female,26-35,3K-6K,No,32,0,4998
Female,36-45,10K-16K,No,36,0,10252
Male,26-35,1K-3K,No,33,0,2781
Female,36-45,6K-10K,No,40,0,6852
Male,18-25,3K-6K,No,25,0,4950
Male,26-35,3K-6K,No,30,0,3579
Female,36-45,10K-16K,No,42,0,13191
Female,26-35,10K-16K,No,35,0,10377
Male,26-35,1K-3K,No,27,0,2235
Female,46-55,10K-16K,No,54,0,10502
Female,36-45,1K-3K,No,44,0,2011
Female,18-25,1K-3K,Yes,19,1,1859
Female,26-35,3K-6K,No,29,0,3760
Male,46-55,16K-20K,No,54,0,17779
Male,26-35,6K-10K,No,31,0,6833
Female,26-35,6K-10K,No,31,0,6812
Female,56-60,3K-6K,No,59,0,5171
Male,36-45,16K-20K,No,43,0,19740
Male,46-55,16K-20K,No,49,0,18711
Male,36-45,3K-6K,No,36,0,3692
Male,46-55,1K-3K,No,48,0,2559
Male,26-35,1K-3K,No,27,0,2517
Male,26-35,6K-10K,No,29,0,6623
Male,46-55,16K-20K,No,48,0,18265
Female,26-35,16K-20K,No,29,0,16124
Female,26-35,1K-3K,No,34,0,2585
Male,36-45,16K-20K,No,44,0,18213
Male,26-35,6K-10K,No,33,0,8380
Female,18-25,1K-3K,No,19,0,2994
Male,18-25,1K-3K,No,23,0,1223
Male,18-25,1K-3K,Yes,25,1,1118
Male,26-35,1K-3K,No,26,0,2875
Female,36-45,16K-20K,Yes,45,1,18824
Male,46-55,10K-16K,No,55,0,13577
Female,18-25,1K-3K,Yes,21,1,2625
Female,46-55,16K-20K,No,46,0,18789
Female,26-35,3K-6K,No,34,0,4538
Male,46-55,16K-20K,No,51,0,19847
Male,56-60,10K-16K,No,59,0,10512
Female,26-35,3K-6K,No,34,0,4444
Male,26-35,1K-3K,No,28,0,2154
Male,36-45,16K-20K,No,44,0,19190
Male,26-35,3K-6K,No,34,0,4490
Male,26-35,3K-6K,No,35,0,3506
Female,36-45,1K-3K,No,42,0,2372
Female,36-45,10K-16K,No,43,0,10231
Female,36-45,3K-6K,No,36,0,5410
Female,36-45,6K-10K,Yes,44,1,7978
Male,26-35,3K-6K,No,28,0,3867
Female,46-55,1K-3K,No,51,0,2838
Female,26-35,3K-6K,No,30,0,4695
Female,26-35,3K-6K,Yes,29,1,3339
Male,26-35,1K-3K,No,28,0,2080
Female,18-25,1K-3K,No,25,0,2096
Male,26-35,6K-10K,No,32,0,6209
Female,36-45,16K-20K,No,45,0,18061
Female,36-45,16K-20K,No,39,0,17123
Male,56-60,1K-3K,No,58,0,2372
Male,26-35,3K-6K,Yes,32,1,4883
Male,36-45,3K-6K,Yes,39,1,3904
Female,26-35,3K-6K,No,30,0,4627
Female,36-45,6K-10K,No,36,0,7094
Female,46-55,3K-6K,No,46,0,3423
Female,26-35,6K-10K,No,28,0,6674
Female,46-55,16K-20K,No,50,0,16880
Male,36-45,6K-10K,Yes,40,1,9094
Male,46-55,6K-10K,Yes,52,1,8446
Female,26-35,10K-16K,No,30,0,11916
Male,36-45,3K-6K,No,39,0,4534
Female,26-35,6K-10K,No,31,0,9852
Male,36-45,6K-10K,No,41,0,6151
Female,26-35,1K-3K,Yes,31,1,2302
Male,36-45,1K-3K,Yes,44,1,2362
Male,36-45,16K-20K,No,42,0,17861
Female,46-55,16K-20K,No,55,0,19187
Male,56-60,16K-20K,No,56,0,19717
Male,36-45,3K-6K,No,40,0,3544
Male,26-35,6K-10K,No,34,0,8500
Male,36-45,3K-6K,No,40,0,4661
Female,36-45,3K-6K,No,41,0,4103
Male,26-35,3K-6K,No,35,0,4249
Male,46-55,10K-16K,No,51,0,14026
Female,36-45,6K-10K,No,38,0,6893
Female,26-35,6K-10K,No,34,0,6125
Male,18-25,3K-6K,No,25,0,3669
Female,56-60,10K-16K,Yes,58,1,10008
Male,36-45,1K-3K,No,40,0,2387
Female,36-45,3K-6K,No,36,0,4639
Male,46-55,6K-10K,No,48,0,7898
Female,26-35,1K-3K,No,27,0,2534
Female,46-55,10K-16K,No,51,0,13142
Female,18-25,1K-3K,No,18,0,1611
Female,26-35,3K-6K,No,35,0,5363
Male,26-35,3K-6K,No,27,0,5071
Male,46-55,10K-16K,Yes,55,1,13695
Male,56-60,10K-16K,No,56,0,13402
Female,26-35,1K-3K,No,34,0,2029
Female,36-45,6K-10K,No,40,0,6377
Male,26-35,3K-6K,No,34,0,5429
Female,26-35,1K-3K,Yes,31,1,2785
Female,26-35,3K-6K,Yes,35,1,4614
Male,36-45,1K-3K,No,38,0,2610
Female,26-35,6K-10K,No,34,0,6687
Male,26-35,3K-6K,No,28,0,4724
Male,26-35,6K-10K,Yes,31,1,6179
Male,36-45,6K-10K,No,39,0,6120
Male,46-55,10K-16K,No,51,0,10596
Female,36-45,3K-6K,No,41,0,5467
Male,36-45,1K-3K,No,37,0,2996
Male,26-35,6K-10K,No,33,0,9998
Male,26-35,3K-6K,No,32,0,4078
Male,36-45,10K-16K,No,39,0,10920
Male,18-25,6K-10K,No,25,0,6232
Female,46-55,10K-16K,No,52,0,13247
Female,36-45,3K-6K,No,43,0,4081
Female,26-35,3K-6K,No,27,0,5769
Female,26-35,1K-3K,Yes,27,1,2394
Male,26-35,3K-6K,No,26,0,3904
Female,36-45,16K-20K,No,42,0,16799
Female,26-35,6K-10K,No,32,0,6667
Female,26-35,3K-6K,No,35,0,4148
Female,46-55,10K-16K,No,47,0,11957
Female,36-45,3K-6K,No,36,0,4374
Female,36-45,3K-6K,No,39,0,5736
Female,18-25,1K-3K,No,24,0,2033
Female,18-25,1K-3K,No,18,0,1514
Female,26-35,3K-6K,No,33,0,5147
Female,46-55,16K-20K,No,48,0,17174
Female,36-45,3K-6K,No,36,0,5131
Female,36-45,1K-3K,No,38,0,2468
Female,36-45,6K-10K,No,40,0,6323
Female,26-35,3K-6K,No,27,0,4774
Female,26-35,3K-6K,No,29,0,3180
Female,36-45,3K-6K,No,44,0,4768
Female,26-35,6K-10K,No,31,0,9637
Female,36-45,3K-6K,No,42,0,3673
Female,36-45,3K-6K,No,39,0,5042
Female,26-35,3K-6K,No,30,0,4968
Female,26-35,3K-6K,No,31,0,3978
Female,36-45,3K-6K,No,40,0,4448
Female,36-45,6K-10K,No,40,0,6513
Female,26-35,1K-3K,No,29,0,2109
Female,26-35,3K-6K,No,34,0,5433
Female,36-45,3K-6K,No,45,0,5770
Female,46-55,10K-16K,No,50,0,13269
Female,46-55,10K-16K,No,46,0,13225
Female,46-55,10K-16K,No,47,0,15972
Female,46-55,6K-10K,No,48,0,6439
Female,26-35,3K-6K,No,30,0,4779
Female,18-25,1K-3K,No,25,0,2187
Female,46-55,16K-20K,No,47,0,19658
Female,26-35,3K-6K,No,33,0,3838
Female,36-45,16K-20K,No,43,0,19392
Female,46-55,10K-16K,No,51,0,13116
Female,46-55,16K-20K,No,49,0,16413
Female,46-55,16K-20K,No,47,0,17169
Female,46-55,1K-3K,No,54,0,2897
Female,36-45,10K-16K,No,40,0,10435
Female,26-35,3K-6K,No,27,0,3517
Female,26-35,1K-3K,No,34,0,2929
Female,36-45,10K-16K,No,38,0,13206
Female,36-45,3K-6K,No,37,0,3936
Female,36-45,6K-10K,No,36,0,8008
Female,36-45,3K-6K,No,45,0,5906
Female,26-35,3K-6K,No,32,0,3312
Female,46-55,1K-3K,No,52,0,2950
Female,26-35,6K-10K,No,29,0,9715
Female,26-35,1K-3K,No,35,0,2977
Female,36-45,3K-6K,No,40,0,3377
Female,46-55,3K-6K,No,49,0,3211
Female,46-55,1K-3K,No,48,0,2367
Female,36-45,1K-3K,No,40,0,2001
Female,26-35,3K-6K,No,34,0,3294
Female,26-35,3K-6K,No,32,0,5878
Female,36-45,3K-6K,No,38,0,3702
Female,46-55,6K-10K,No,54,0,6854
Female,26-35,1K-3K,No,29,0,2974
Female,36-45,3K-6K,No,38,0,3306
Female,36-45,3K-6K,No,38,0,5343
Female,26-35,3K-6K,No,31,0,5468
Female,26-35,3K-6K,No,31,0,5476
Female,36-45,6K-10K,No,36,0,7644
Female,36-45,10K-16K,No,39,0,12031
Female,36-45,6K-10K,No,36,0,6652
Female,36-45,3K-6K,No,40,0,5677
Female,26-35,1K-3K,No,28,0,2856
Female,46-55,16K-20K,No,46,0,16606
Female,36-45,3K-6K,No,36,0,5647
Female,26-35,10K-16K,No,32,0,10422
Female,56-60,3K-6K,No,56,0,5380
Female,36-45,3K-6K,No,40,0,4639
Female,26-35,1K-3K,No,31,0,2109
Female,36-45,3K-6K,No,37,0,3629
Female,26-35,6K-10K,No,30,0,9667
Female,26-35,16K-20K,No,31,0,16422
Female,46-55,1K-3K,No,47,0,2105
Female,36-45,6K-10K,No,39,0,8376
Female,26-35,1K-3K,No,32,0,2837
Female,18-25,3K-6K,No,23,0,3295
Female,26-35,3K-6K,No,27,0,3445
Female,26-35,3K-6K,No,29,0,3785
Female,36-45,16K-20K,No,45,0,16704
Female,26-35,6K-10K,No,35,0,8606
Female,46-55,16K-20K,No,54,0,17328
Female,26-35,6K-10K,No,27,0,6500
Female,36-45,6K-10K,No,36,0,6815
Female,36-45,3K-6K,No,38,0,4198
Female,18-25,1K-3K,No,20,0,2783
Female,36-45,3K-6K,No,36,0,4502
Female,26-35,6K-10K,No,34,0,6029
Female,36-45,3K-6K,No,45,0,4850
Female,46-55,3K-6K,No,49,0,4507
Female,26-35,1K-3K,No,26,0,2966
Female,26-35,10K-16K,No,31,0,11031
Female,36-45,3K-6K,No,45,0,5154
Female,46-55,16K-20K,No,54,0,16032
Female,36-45,1K-3K,No,38,0,2440
Female,26-35,3K-6K,No,31,0,5238
Female,26-35,3K-6K,No,28,0,4877
Female,36-45,6K-10K,No,45,0,9756
Female,26-35,1K-3K,No,26,0,2061
Female,36-45,10K-16K,No,41,0,13570
Female,56-60,1K-3K,No,56,0,2066
Female,46-55,16K-20K,No,54,0,17426
Female,46-55,3K-6K,No,49,0,4789
Female,26-35,3K-6K,No,28,0,3591
Female,26-35,3K-6K,No,27,0,3540
Female,26-35,1K-3K,No,35,0,2430
Female,36-45,3K-6K,No,41,0,4393
Female,26-35,6K-10K,No,34,0,6712
Male,36-45,1K-3K,No,38,0,2592
Male,26-35,1K-3K,No,28,0,2706
Male,26-35,3K-6K,No,35,0,5762
Male,26-35,1K-3K,No,33,0,2008
Male,26-35,1K-3K,No,30,0,1274
Male,36-45,3K-6K,No,40,0,3975
Male,36-45,10K-16K,No,40,0,13757
Male,26-35,3K-6K,No,33,0,3055
Male,46-55,3K-6K,No,52,0,3482
Male,36-45,6K-10K,No,41,0,6430
Male,46-55,3K-6K,No,47,0,5467
Male,26-35,3K-6K,No,32,0,4087
Male,36-45,3K-6K,No,45,0,4385
Male,46-55,3K-6K,No,47,0,4978
Male,36-45,1K-3K,No,43,0,2438
Male,26-35,6K-10K,No,31,0,9936
Male,26-35,1K-3K,No,32,0,2718
Male,36-45,3K-6K,No,37,0,3500
Male,26-35,1K-3K,No,28,0,2144
Male,36-45,3K-6K,No,44,0,3162
Male,36-45,16K-20K,No,39,0,19431
Male,36-45,3K-6K,No,42,0,4332
Male,46-55,6K-10K,No,46,0,7991
Male,26-35,6K-10K,No,29,0,8853
Male,26-35,16K-20K,No,34,0,17007
Male,26-35,3K-6K,No,34,0,4724
Male,26-35,1K-3K,No,34,0,2996
Male,18-25,3K-6K,No,25,0,5206
Male,36-45,3K-6K,No,39,0,4127
Male,36-45,6K-10K,No,37,0,9525
Male,18-25,1K-3K,No,24,0,2145
Male,36-45,6K-10K,No,38,0,6077
Male,26-35,3K-6K,No,32,0,3433
Male,36-45,3K-6K,No,38,0,5321
Male,46-55,16K-20K,No,49,0,19161
Male,26-35,1K-3K,No,26,0,2544
Male,36-45,1K-3K,No,36,0,2571
Male,26-35,3K-6K,No,29,0,3812
Male,26-35,3K-6K,No,34,0,5063
Male,36-45,3K-6K,No,38,0,4735
Male,46-55,3K-6K,No,49,0,5390
Male,26-35,3K-6K,No,33,0,4373
Male,36-45,3K-6K,No,45,0,5399
Male,26-35,6K-10K,No,35,0,9362
Male,26-35,1K-3K,No,27,0,2580
Male,26-35,3K-6K,No,28,0,4898
Male,26-35,3K-6K,No,32,0,4648
Male,26-35,3K-6K,No,31,0,5332
Male,36-45,3K-6K,No,37,0,4071
Male,36-45,16K-20K,No,40,0,16823
Male,46-55,3K-6K,No,55,0,3537
Male,26-35,1K-3K,No,28,0,1563
Male,36-45,6K-10K,No,45,0,7441
Male,26-35,3K-6K,No,31,0,4197
Male,36-45,3K-6K,No,38,0,4771
Male,46-55,10K-16K,No,55,0,14732
Male,18-25,3K-6K,No,24,0,3907
Male,36-45,1K-3K,No,40,0,2345
Male,36-45,3K-6K,No,39,0,3069
Male,46-55,10K-16K,No,49,0,10466
Male,18-25,1K-3K,No,24,0,2296
Male,46-55,6K-10K,No,46,0,8578
Male,36-45,3K-6K,No,43,0,4876
Male,26-35,3K-6K,No,27,0,4066
Male,26-35,3K-6K,No,32,0,5470
Male,26-35,6K-10K,No,29,0,6384
Male,36-45,3K-6K,No,39,0,3902
Male,26-35,10K-16K,No,31,0,10793
Male,26-35,6K-10K,No,30,0,7140
Male,36-45,6K-10K,No,41,0,8938
Male,26-35,6K-10K,No,29,0,8620
Male,46-55,3K-6K,No,48,0,5486
Male,26-35,6K-10K,No,34,0,8628
Male,26-35,3K-6K,No,33,0,5505
Male,26-35,1K-3K,No,29,0,2804
Male,36-45,16K-20K,No,42,0,18880
Male,36-45,3K-6K,No,37,0,4285
Male,26-35,3K-6K,No,29,0,5373
Male,46-55,6K-10K,No,49,0,6651
Male,36-45,6K-10K,No,43,0,7510
Male,18-25,3K-6K,No,25,0,3229
Male,46-55,3K-6K,No,47,0,3420
Male,36-45,3K-6K,No,36,0,5347
Male,36-45,1K-3K,No,40,0,2406
Male,26-35,3K-6K,No,34,0,4404
Male,26-35,1K-3K,No,27,0,2099
Male,46-55,6K-10K,No,53,0,7005
Male,26-35,3K-6K,No,35,0,5208
Male,26-35,1K-3K,No,35,0,2705
Male,26-35,1K-3K,No,30,0,2141
Male,26-35,1K-3K,No,30,0,2862
Male,26-35,3K-6K,No,34,0,5484
Male,26-35,3K-6K,No,34,0,3986
Male,26-35,1K-3K,No,27,0,2226
Male,26-35,3K-6K,No,31,0,3477
Male,36-45,3K-6K,No,44,0,5033
Male,36-45,3K-6K,No,42,0,5538
Male,26-35,3K-6K,No,35,0,3407
Male,36-45,3K-6K,No,39,0,5377
Male,26-35,1K-3K,No,33,0,2028
Male,36-45,3K-6K,No,42,0,4841
Male,36-45,10K-16K,No,42,0,13348
Male,26-35,1K-3K,No,28,0,2044
Male,26-35,3K-6K,No,30,0,5294
Male,26-35,1K-3K,No,35,0,2690
Male,18-25,3K-6K,No,24,0,4401
Male,26-35,1K-3K,No,29,0,2451
Male,26-35,6K-10K,No,28,0,6549
Male,36-45,3K-6K,No,37,0,5768
Male,46-55,16K-20K,No,55,0,19038
Male,26-35,3K-6K,No,30,0,3748
Male,46-55,16K-20K,No,48,0,19665
Male,36-45,6K-10K,No,39,0,9991
Male,26-35,6K-10K,No,35,0,6883
Male,26-35,3K-6K,No,33,0,3143
Male,36-45,16K-20K,No,44,0,16328
Male,18-25,1K-3K,No,23,0,2073
Male,26-35,1K-3K,No,26,0,2305
Male,36-45,3K-6K,No,40,0,5473
Male,26-35,3K-6K,No,31,0,3067
Male,26-35,6K-10K,No,31,0,8346
Male,26-35,6K-10K,No,33,0,6392
Male,26-35,1K-3K,No,32,0,2269
Male,26-35,3K-6K,No,35,0,5561
Male,36-45,3K-6K,No,37,0,4189
Male,26-35,6K-10K,No,30,0,9250
Male,36-45,6K-10K,No,38,0,9924
Male,36-45,3K-6K,No,36,0,5507
Male,26-35,1K-3K,No,35,0,2404
Male,36-45,6K-10K,No,39,0,8237
Male,26-35,6K-10K,No,32,0,9610
Male,26-35,6K-10K,No,32,0,9204
Male,36-45,3K-6K,No,38,0,4440
Male,26-35,3K-6K,No,30,0,5301
Male,26-35,6K-10K,No,29,0,7988
Male,36-45,3K-6K,No,43,0,3539
Male,36-45,3K-6K,No,39,0,4108
Male,18-25,1K-3K,No,23,0,2272
Male,36-45,3K-6K,No,36,0,5810
Male,36-45,1K-3K,No,36,0,2013
Male,26-35,1K-3K,No,34,0,2972
Male,36-45,6K-10K,No,41,0,6870
Male,18-25,3K-6K,No,24,0,4617
Male,26-35,3K-6K,No,35,0,5098
Male,46-55,10K-16K,No,49,0,15379
Male,18-25,3K-6K,No,21,0,3117
Male,36-45,1K-3K,No,40,0,2809
Male,26-35,1K-3K,No,26,0,2867
Male,46-55,3K-6K,No,46,0,5562
Male,26-35,3K-6K,No,26,0,3578
Male,26-35,1K-3K,No,35,0,2450
Male,26-35,1K-3K,No,29,0,2062
Male,46-55,16K-20K,No,53,0,16598
Male,36-45,3K-6K,No,44,0,3420
Male,18-25,1K-3K,No,23,0,2647
Male,26-35,3K-6K,No,33,0,4320
Male,26-35,1K-3K,No,32,0,2439
Male,36-45,3K-6K,No,42,0,3968
Male,18-25,3K-6K,No,22,0,3375
Male,36-45,1K-3K,No,38,0,2858
Male,36-45,10K-16K,No,39,0,13341
Male,36-45,16K-20K,No,40,0,19833
Male,26-35,3K-6K,No,33,0,5487
Male,26-35,3K-6K,No,26,0,4684
Male,26-35,3K-6K,No,29,0,5869
Male,18-25,1K-3K,No,20,0,2728
Male,26-35,3K-6K,No,27,0,4105
Male,36-45,6K-10K,No,41,0,9241
Male,46-55,16K-20K,No,46,0,17567
Male,26-35,3K-6K,No,34,0,4759
Male,26-35,6K-10K,No,28,0,8463
Male,56-60,6K-10K,No,56,0,6306
Male,56-60,16K-20K,No,58,0,16291
Male,36-45,3K-6K,No,36,0,5406
Male,36-45,1K-3K,No,36,0,2810
Male,36-45,10K-16K,No,45,0,10748
Male,36-45,1K-3K,No,42,0,2936
Male,26-35,1K-3K,No,26,0,2570
Male,26-35,3K-6K,No,33,0,5968
Male,46-55,10K-16K,No,48,0,15202
Male,26-35,3K-6K,No,31,0,5003
Male,36-45,3K-6K,No,43,0,5675
Male,36-45,3K-6K,No,36,0,3886
Male,26-35,1K-3K,No,30,0,2064
Male,36-45,1K-3K,No,42,0,2766
Male,56-60,10K-16K,No,60,0,10883
Male,36-45,1K-3K,No,41,0,2289
Male,36-45,6K-10K,No,36,0,6842
Male,36-45,3K-6K,No,39,0,5151
Male,56-60,3K-6K,No,57,0,4900
Male,46-55,1K-3K,No,55,0,2662
Male,36-45,16K-20K,No,43,0,17603
Male,36-45,3K-6K,No,39,0,5295
Male,36-45,1K-3K,No,41,0,2782
Male,36-45,1K-3K,No,45,0,2132
Male,26-35,6K-10K,No,34,0,6799
Male,46-55,16K-20K,No,55,0,19586
Male,46-55,6K-10K,No,47,0,8633
Male,26-35,10K-16K,No,32,0,11244
Male,36-45,10K-16K,No,39,0,13464
Male,26-35,6K-10K,No,32,0,9679
Male,36-45,16K-20K,No,42,0,19613
Male,26-35,6K-10K,No,34,0,9888
Female,26-35,1K-3K,Yes,30,1,2180
Female,26-35,1K-3K,Yes,27,1,2863
Female,26-35,6K-10K,Yes,31,1,7446
Female,26-35,3K-6K,Yes,31,1,4084
Female,26-35,3K-6K,Yes,29,1,5765
Female,26-35,1K-3K,Yes,31,1,1359
Female,26-35,1K-3K,Yes,34,1,2742
Female,46-55,10K-16K,Yes,53,1,10169
Female,26-35,1K-3K,Yes,31,1,1261
Female,26-35,1K-3K,Yes,29,1,2760
Female,46-55,6K-10K,Yes,46,1,8926
Female,46-55,6K-10K,Yes,46,1,7314
Male,46-55,6K-10K,Yes,50,1,6728
Male,26-35,3K-6K,Yes,34,1,5346
Male,26-35,1K-3K,Yes,28,1,2909
Male,46-55,10K-16K,Yes,47,1,12936
Male,18-25,1K-3K,Yes,23,1,1790
Male,26-35,1K-3K,Yes,28,1,2561
Male,26-35,1K-3K,Yes,29,1,1091
Male,26-35,1K-3K,Yes,28,1,2367
Male,46-55,10K-16K,Yes,46,1,10096
Male,26-35,1K-3K,Yes,31,1,2956
Male,18-25,1K-3K,Yes,24,1,1555
Male,36-45,3K-6K,Yes,38,1,4855
Male,56-60,1K-3K,Yes,56,1,2339
Male,18-25,3K-6K,Yes,25,1,4400
Male,26-35,6K-10K,Yes,31,1,8161
Male,26-35,6K-10K,Yes,30,1,9714
Male,26-35,10K-16K,Yes,35,1,10306
Male,26-35,1K-3K,Yes,29,1,2362
Male,56-60,1K-3K,Yes,56,1,2587
Male,26-35,1K-3K,Yes,32,1,1393
Male,36-45,1K-3K,Yes,40,1,2018
Male,36-45,3K-6K,Yes,37,1,4213
Male,26-35,6K-10K,Yes,32,1,6735
Male,18-25,1K-3K,Yes,21,1,2679
Male,26-35,1K-3K,Yes,30,1,1081
Male,46-55,3K-6K,Yes,49,1,4284
Female,18-25,1K-3K,No,22,0,2814
Female,36-45,1K-3K,No,38,0,2133
Female,18-25,3K-6K,No,24,0,3760
Female,26-35,1K-3K,No,27,0,2379
Female,36-45,3K-6K,No,44,0,3195
Female,36-45,16K-20K,No,44,0,19049
Female,46-55,10K-16K,No,47,0,10333
Female,46-55,1K-3K,No,49,0,2587
Female,26-35,1K-3K,No,31,0,1129
Female,36-45,10K-16K,No,41,0,10447
Female,26-35,6K-10K,No,31,0,6583
Female,26-35,3K-6K,No,33,0,4878
Female,36-45,6K-10K,No,40,0,6516
Female,26-35,1K-3K,No,26,0,2933
Female,46-55,10K-16K,No,49,0,13966
Female,36-45,6K-10K,No,44,0,7879
Female,36-45,3K-6K,No,36,0,4663
Female,26-35,3K-6K,No,35,0,4788
Female,36-45,6K-10K,No,38,0,7756
Female,36-45,3K-6K,No,36,0,5673
Female,26-35,3K-6K,No,35,0,5204
Female,46-55,3K-6K,No,47,0,4591
Female,26-35,6K-10K,No,34,0,8103
Female,56-60,16K-20K,No,58,0,17875
Female,18-25,3K-6K,No,24,0,4162
Female,26-35,6K-10K,No,35,0,8837
Female,26-35,6K-10K,No,35,0,6142
Female,36-45,3K-6K,No,45,0,5769
Female,46-55,3K-6K,No,54,0,4440
Female,36-45,6K-10K,No,40,0,7945
Female,36-45,6K-10K,No,36,0,9278
Female,26-35,3K-6K,No,33,0,5368
Female,46-55,10K-16K,No,53,0,12965
Female,18-25,3K-6K,No,25,0,4907
Female,36-45,10K-16K,No,37,0,13744
Female,56-60,16K-20K,No,58,0,19701
Female,36-45,6K-10K,No,36,0,6962
Female,36-45,3K-6K,No,38,0,5405
Male,26-35,3K-6K,No,31,0,3065
Male,36-45,3K-6K,No,40,0,4069
Male,26-35,3K-6K,No,34,0,4001
Male,36-45,6K-10K,No,39,0,6472
Male,36-45,3K-6K,No,44,0,5743
Male,36-45,1K-3K,No,38,0,2991
Male,56-60,10K-16K,No,58,0,15787
Male,36-45,3K-6K,No,36,0,5562
Male,46-55,10K-16K,No,50,0,11245
Male,26-35,3K-6K,No,34,0,5747
Male,26-35,3K-6K,No,35,0,5689
Male,36-45,10K-16K,No,42,0,10124
Male,26-35,6K-10K,No,28,0,6834
Male,26-35,3K-6K,No,35,0,4930
Male,36-45,10K-16K,No,44,0,10209
Male,46-55,10K-16K,No,50,0,14411
Male,26-35,6K-10K,No,29,0,6294
Male,36-45,10K-16K,No,45,0,10851
Male,46-55,16K-20K,No,46,0,19328
Male,36-45,3K-6K,No,42,0,5410
Male,18-25,3K-6K,No,25,0,3977
Male,26-35,3K-6K,No,29,0,4187
Male,36-45,3K-6K,No,42,0,5087
Male,46-55,10K-16K,No,46,0,10368
Male,46-55,16K-20K,No,55,0,19636
Male,36-45,1K-3K,No,41,0,2127
Male,26-35,3K-6K,No,33,0,5207
Male,36-45,3K-6K,No,38,0,5811
Male,36-45,6K-10K,No,45,0,9380
Male,46-55,3K-6K,No,55,0,4035
Male,26-35,3K-6K,No,29,0,4025
Male,26-35,1K-3K,No,35,0,2660
Male,36-45,6K-10K,No,36,0,8321
Male,26-35,1K-3K,No,34,0,2932
Male,46-55,16K-20K,No,50,0,19331
Male,26-35,6K-10K,No,34,0,9713
Male,26-35,6K-10K,No,34,0,7083
Male,36-45,6K-10K,No,43,0,7847
Male,36-45,1K-3K,No,44,0,2436
Male,26-35,3K-6K,No,29,0,4723
Male,26-35,6K-10K,No,33,0,6388
Male,18-25,1K-3K,No,21,0,2380
Male,36-45,6K-10K,No,41,0,7082
Male,26-35,6K-10K,No,27,0,6142
Male,36-45,3K-6K,No,37,0,4284
Male,26-35,1K-3K,No,34,0,2308
Male,36-45,16K-20K,No,40,0,16437
Male,36-45,1K-3K,No,36,0,2644
Female,46-55,1K-3K,Yes,48,1,2655
Female,26-35,1K-3K,Yes,32,1,2432
Female,26-35,6K-10K,Yes,29,1,7553
Female,18-25,1K-3K,Yes,18,1,1569
Female,26-35,1K-3K,Yes,35,1,2074
Female,26-35,1K-3K,Yes,26,1,2148
Female,18-25,1K-3K,Yes,22,1,2398
Female,26-35,6K-10K,Yes,28,1,9854
Female,36-45,3K-6K,Yes,39,1,3646
Female,26-35,3K-6K,Yes,34,1,4599
Female,26-35,6K-10K,Yes,33,1,8564
Male,36-45,1K-3K,Yes,44,1,2342
Male,26-35,3K-6K,Yes,31,1,3722
Male,36-45,1K-3K,Yes,43,1,2437
Male,26-35,3K-6K,Yes,31,1,5617
Male,18-25,3K-6K,Yes,24,1,3172
Male,26-35,1K-3K,Yes,29,1,2335
Male,26-35,3K-6K,Yes,35,1,5440
Male,36-45,6K-10K,Yes,36,1,6134
Male,46-55,10K-16K,Yes,50,1,10854
Male,26-35,3K-6K,Yes,29,1,4787
Male,26-35,1K-3K,Yes,28,1,2408
Male,36-45,1K-3K,Yes,40,1,2166
Male,18-25,3K-6K,Yes,23,1,3989
Male,46-55,10K-16K,Yes,53,1,10448
Male,26-35,6K-10K,Yes,32,1,9907
Male,26-35,3K-6K,Yes,35,1,5813
Male,26-35,1K-3K,Yes,34,1,2307
Male,26-35,1K-3K,Yes,29,1,2439
Male,26-35,3K-6K,Yes,35,1,4581
Male,18-25,1K-3K,Yes,23,1,2275
Male,18-25,1K-3K,Yes,22,1,2472
